{
    "lint_maxScopeDepth": 7,
    "lint_syntaxErrors": true,
    "lint_syntaxInconsistencies": true,
    "lint_deprecated": false,
    "lint_trailingWhitespace": true,
    "lint_whitespaceStyle": true,
    "lint_beginnerMistakes": true,
    "lint_emptyBlocks": true,
    "lint_shadowing": true,
    "lint_gotos": true,
    "lint_goto_identifier": true,
    "lint_doubleNegations": true,
    "lint_redundantIfStatements": true,
    "lint_redundantParentheses": true,
    "lint_duplicateTableKeys": true,
    "lint_profanity": true,
    "lint_unusedVars": true,
    "lint_unusedParameters": false,
    "lint_unusedLoopVars": false,
    "lint_inconsistentVariableStyle": false,
    "lint_spaceAfterParens": true,
    "lint_spaceAfterBrackets": true,
    "lint_spaceAfterBraces": true,
    "lint_ignoreFiles": [
        "./gamemode/modules/fpp/pp/**.lua",
        "./gamemode/libraries/simplerr.lua",
        "./gamemode/libraries/fn.lua"
    ],
    "prettyprint_spaceAfterParens": false,
    "prettyprint_spaceAfterBrackets": false,
    "prettyprint_spaceAfterBraces": false,
    "prettyprint_spaceEmptyParens": false,
    "prettyprint_spaceEmptyBraces": false,
    "prettyprint_spaceAfterLabel": false,
    "prettyprint_spaceBeforeComma": false,
    "prettyprint_spaceAfterComma": true,
    "prettyprint_semicolons": false,
    "prettyprint_cStyle": false,
    "prettyprint_removeRedundantParens": true,
    "prettyprint_minimizeParens": false,
    "prettyprint_assumeOperatorAssociativity": true,
    "prettyprint_rejectInvalidCode": true,
    "prettyprint_indentation": "    ",
    "log_format": "auto"
}
